<?xml version="1.0" encoding="UTF-8"?>
<beans:beans xmlns="http://www.springframework.org/schema/security"
	xmlns:beans="http://www.springframework.org/schema/beans" 
	xmlns:xsi="http://www.w3.org/2001/XMLSchema-instance"
	xsi:schemaLocation="http://www.springframework.org/schema/beans
	http://www.springframework.org/schema/beans/spring-beans.xsd
	http://www.springframework.org/schema/security
	http://www.springframework.org/schema/security/spring-security.xsd">
   <http>
   <!-- Authorities for Admin -->
	 <intercept-url pattern="/admin*" access="hasRole('ROLE_ADMIN')"/>
	<form-login  login-page="/login"  default-target-url="/admin" login-processing-url="/perform_login"/>
	
	<intercept-url pattern="/categor*" access="hasRole('ROLE_ADMIN')"/>
	<form-login  login-page="/login"  default-target-url="/admin" login-processing-url="/perform_login"/>
	
	<intercept-url pattern="/supplier**" access="hasRole('ROLE_ADMIN')"/>
	<form-login  login-page="/login"  default-target-url="/admin" login-processing-url="/perform_login"/>
	
	<intercept-url pattern="/products" access="hasRole('ROLE_ADMIN')"/>
	<form-login  login-page="/login"  default-target-url="/admin" login-processing-url="/perform_login"/>
	
	<intercept-url pattern="/viewUser*" access="hasRole('ROLE_ADMIN')"/>
	<form-login  login-page="/login"  default-target-url="/admin" login-processing-url="/perform_login"/>
	
	<intercept-url pattern="/backToAdminHome*" access="hasRole('ROLE_ADMIN')"/>
	<form-login  login-page="/login"  default-target-url="/adminHome" login-processing-url="/perform_login"/>
	
	<!-- Authorities for User -->
	<intercept-url pattern="/userHome*" access="hasRole('ROLE_USER')"/>
	<form-login  login-page="/login"  default-target-url="/userHome" login-processing-url="/perform_login"/>
	
	<intercept-url pattern="/onLoad1" access="hasRole('ROLE_USER')"/>
	<form-login  login-page="/login"  default-target-url="/userHome" login-processing-url="/perform_login"/>
	 
	<intercept-url pattern="/productDisplay1" access="hasRole('ROLE_USER')"/>
	<form-login  login-page="/login"  default-target-url="/userHome" login-processing-url="/perform_login"/>
	
	<intercept-url pattern="/myCart*" access="hasRole('ROLE_USER')"/>
	<form-login  login-page="/login"  default-target-url="/userHome" login-processing-url="/perform_login"/>
	
     <intercept-url pattern="/cart/add/*" access="hasRole('ROLE_USER')"/>
	<form-login login-page="/login" default-target-url="/cart" login-processing-url="/perform_login"/>  
	<logout logout-success-url="/home"/>
	<csrf disabled="true"/>
	</http>

 <authentication-manager>
	<authentication-provider>
	<jdbc-user-service data-source-ref="dataSource" 
	  users-by-username-query="select name,password,enabled from user_details where name=?" 
	  authorities-by-username-query="select u1.name, u2.authority from user_details u1, user_role u2 where u1.user_role_id = u2.role_id and u1.name =?" /> 
	</authentication-provider>
	</authentication-manager>

</beans:beans>